Column_name	Rename	Abridged
CHROM	chr	T
START	start	T
REF	ref	T
ALT	alt	T
rsID	rs_id	T
SYMBOL	gene_symbol_vep	T
Consequence	variant_classification_vep	T
HGVSg	HGVSg	T
HGVSc	HGVSc	T
HGVSp	HGVSp	T
final_call	autogvp_call	T
Reasoning_for_call	autogvp_call_reason	T
Stars	clinvar_stars	T
ClinVar_ClinicalSignificance	clinvar_clinsig	T
Intervar_evidence	intervar_evidence	T
gnomad_3_1_1_AF_non_cancer	gnomad_3_1_1_AF_non_cancer	T
Func.refGene	variant_location_annovar	F
Gene.refGene	hugo_symbol_annovar	F
GeneDetail.refGene	cDNA_change_annovar	F
ExonicFunc.refGene	variant_classification_annovar	F
AAChange.refGene	protein_change_annovar	F
Interpro_domain	interpro_domain	F
evidencePVS1	PVS1_autogvp	F
evidenceBA1	BA1_autogvp	F
evidencePS	PS_autogvp	F
evidencePM	PM_autogvp	F
evidencePP	PP_autogvp	F
evidenceBS	BS_autogvp	F
evidenceBP	BP_autogvp	F
intervar_adjusted	intervar_adjusted	F
VariationID	clinvar_variant_id	F
LastEvaluated	clinvar_date_last_evaluated	F
Description	clinvar_description	F
SubmittedPhenotypeInfo	clinvar_phenotype_submitted	F
ReportedPhenotypeInfo	clinvar_phenotype_reported	F
ReviewStatus	clinvar_review_status	F
SubmittedGeneSymbol	SubmittedGeneSymbol	F
AC	AC	F
AF	AF	F
ALLELEID	ALLELEID	F
AN	AN	F
BaseQRankSum	BaseQRankSum	F
ClippingRankSum	ClippingRankSum	F
CLNDISDB	CLNDISDB	F
CLNDISDBINCL	CLNDISDBINCL	F
CLNDN	CLNDN	F
CLNDNINCL	CLNDNINCL	F
CLNHGVS	CLNHGVS	F
CLNREVSTAT	CLNREVSTAT	F
CLNSIG	CLNSIG	F
CLNSIGCONF	CLNSIGCONF	F
CLNSIGINCL	CLNSIGINCL	F
CLNVC	CLNVC	F
CLNVCSO	CLNVCSO	F
culprit	culprit	F
ExcessHet	ExcessHet	F
FS	FS	F
gnomad_3_1_1_AC	gnomad_3_1_1_AC	F
gnomad_3_1_1_AC_controls_and_biobanks	gnomad_3_1_1_AC_controls_and_biobanks	F
gnomad_3_1_1_AC_popmax	gnomad_3_1_1_AC_popmax	F
gnomad_3_1_1_AF	gnomad_3_1_1_AF	F
gnomad_3_1_1_AF_controls_and_biobanks	gnomad_3_1_1_AF_controls_and_biobanks	F
gnomad_3_1_1_AF_popmax	gnomad_3_1_1_AF_popmax	F
gnomad_3_1_1_AN	gnomad_3_1_1_AN	F
gnomad_3_1_1_AN_controls_and_biobanks	gnomad_3_1_1_AN_controls_and_biobanks	F
gnomad_3_1_1_AN_popmax	gnomad_3_1_1_AN_popmax	F
gnomad_3_1_1_nhomalt	gnomad_3_1_1_nhomalt	F
gnomad_3_1_1_nhomalt_popmax	gnomad_3_1_1_nhomalt_popmax	F
gnomad_3_1_1_primate_ai_score	gnomad_3_1_1_primate_ai_score	F
gnomad_3_1_1_splice_ai_consequence	gnomad_3_1_1_splice_ai_consequence	F
MLEAC	MLEAC	F
MLEAF	MLEAF	F
MQ	MQ	F
MQRankSum	MQRankSum	F
NEGATIVE_TRAIN_SITE;POSITIVE_TRAIN_SITE;QD	NEGATIVE_TRAIN_SITE;POSITIVE_TRAIN_SITE;QD	F
NEGATIVE_TRAIN_SITE;QD	NEGATIVE_TRAIN_SITE;QD	F
OLD_VARIANT	OLD_VARIANT	F
POSITIVE_TRAIN_SITE;QD	POSITIVE_TRAIN_SITE;QD	F
QD	QD	F
RAW_MQ	RAW_MQ	F
ReadPosRankSum	ReadPosRankSum	F
SOR	SOR	F
VQSLOD	VQSLOD	F
IMPACT	variant_impact_vep	F
Gene	ensembl_gene_vep	F
Feature	ensembl_transcript_vep	F
ENSP	ensembl_protein_vep	F
BIOTYPE	biotype_vep	F
EXON	exon_vep	F
INTRON	intron_vep	F
cDNA_position	cDNA_position_vep	F
CDS_position	cds_position_vep	F
Protein_position	protein_position_vep	F
Amino_acids	amino_acids_vep	F
Codons	codons_vep	F
DISTANCE	distance_vep	F
STRAND	strand_vep	F
PICK	pick_vep	F
VARIANT_CLASS	variant_class_vep	F
SYMBOL_SOURCE	gene_symbol_source_vep	F
HGNC_ID	hgnc_id_vep	F
CANONICAL	canonical_vep	F
TSL	TSL_vep	F
CCDS	CCDS_vep	F
SWISSPROT	SWISSPROT_vep	F
TREMBL	TREMBL_vep	F
UNIPARC	UNIPARC_vep	F
UNIPROT_ISOFORM	UNIPROT_ISOFORM_vep	F
RefSeq	refseq_transcript_vep	F
SOURCE	annotation_source_vep	F
SIFT	sift_vep	F
PolyPhen	polyphen_vep	F
DOMAINS	protein_domains_vep	F
CSQ	csq_vep	F
ClinVar_link	clinvar_variant_link	F
